email_id,rater_id,intent_score_0_100,grounding_score_0_100,tone_score_0_100,actionability_score_0_100,verdict_pass_fail,factual_error_flag,unsupported_claim_flag,notes
test_01,,, , , , , , , 
test_02,,, , , , , , , 
test_03,,, , , , , , , 
test_04,,, , , , , , , 
test_05,,, , , , , , , 
test_06,,, , , , , , , 
test_07,,, , , , , , , 
test_08,,, , , , , , , 
test_09,,, , , , , , , 
test_10,,, , , , , , , 
test_11,,, , , , , , , 
test_12,,, , , , , , , 
test_13,,, , , , , , , 
test_14,,, , , , , , , 
